tot_tx_test,tot_ny_test,tx_per_pos,ny_per_pos
4360088.258064516,7067100.612903226,0.12141935483870965,0.0606774193548387
5389846.708333333,9281785.208333334,0.12304166666666665,0.047975
