ave_tx_pos_test,ave_ny_pos_test,tot_tx_test,tot_ny_test,avg_per_pos_tx,avg_per_pos_ny
608.1071428571429,16351.42857142857,8431.357142857143,52257.857142857145,7.212446733706656,31.289894889353615
15842.4,207614.76666666666,166657.83333333334,543085.7333333333,9.505943815022196,38.2287277907994
46150.41935483871,344950.67741935485,634345.4838709678,1411821.8387096773,7.275281455968585,24.4330175353159
99949.56666666667,383783.06666666665,1361634.5,3024552.533333333,7.340410856706897,12.688920507646223
294238.67741935485,404663.0,2752856.0322580645,4925164.064516129,10.688487664137012,8.21623391016429
530342.3548387097,425254.06451612903,4360088.258064516,7067100.612903226,12.163569254768564,6.017376684006639
652978.3,442540.95,5323229.2,9117649.05,12.266582472158067,4.853673875504124
